item_type,category,identifier,detail,href
"package","npm","@cap-js/sqlite","credential_stealer; data_exfiltration; worm | versions: 2.2.2","/ti/packages/npm/@cap-js/sqlite"
"package","npm","@cap-js/postgres","credential_stealer; data_exfiltration; worm | versions: 2.2.2","/ti/packages/npm/@cap-js/postgres"
"package","npm","@cap-js/db-service","credential_stealer; data_exfiltration; worm | versions: 2.10.1","/ti/packages/npm/@cap-js/db-service"
"package","npm","mbt","credential_stealer; data_exfiltration; worm | versions: 1.2.48","/ti/packages/npm/mbt"
"package","npm","@beproduct/nestjs-auth","other | versions: 0.1.2, 0.1.3, 0.1.4, 0.1.5, 0.1.6, 0.1.7, 0.1.8, 0.1.9, 0.1.10, 0.1.11, 0.1.12, 0.1.13, 0.1.14, 0.1.15, 0.1.16, 0.1.17, 0.1.18, 0.1.19","/ti/packages/npm/@beproduct/nestjs-auth"
"package","npm","@dirigible-ai/sdk","other | versions: 0.6.2, 0.6.3","/ti/packages/npm/@dirigible-ai/sdk"
"package","npm","@draftauth/client","other | versions: 0.2.1, 0.2.2","/ti/packages/npm/@draftauth/client"
"package","npm","@draftauth/core","other | versions: 0.13.1, 0.13.2","/ti/packages/npm/@draftauth/core"
"package","npm","@draftlab/auth","other | versions: 0.24.1, 0.24.2","/ti/packages/npm/@draftlab/auth"
"package","npm","@draftlab/auth-router","other | versions: 0.5.1, 0.5.2","/ti/packages/npm/@draftlab/auth-router"
"package","npm","@draftlab/db","other | versions: 0.16.1, 0.16.2","/ti/packages/npm/@draftlab/db"
"package","npm","@mesadev/rest","other | versions: 0.28.3","/ti/packages/npm/@mesadev/rest"
"package","npm","@mesadev/saguaro","other | versions: 0.4.22","/ti/packages/npm/@mesadev/saguaro"
"package","npm","@mesadev/sdk","other | versions: 0.28.3","/ti/packages/npm/@mesadev/sdk"
"package","npm","@mistralai/mistralai","other | versions: 2.2.2, 2.2.3, 2.2.4","/ti/packages/npm/@mistralai/mistralai"
"package","npm","@mistralai/mistralai-azure","other | versions: 1.7.1, 1.7.2, 1.7.3","/ti/packages/npm/@mistralai/mistralai-azure"
"package","npm","@mistralai/mistralai-gcp","other | versions: 1.7.1, 1.7.2, 1.7.3","/ti/packages/npm/@mistralai/mistralai-gcp"
"package","npm","@ml-toolkit-ts/preprocessing","other | versions: 1.0.2, 1.0.3","/ti/packages/npm/@ml-toolkit-ts/preprocessing"
"package","npm","@ml-toolkit-ts/xgboost","other | versions: 1.0.3, 1.0.4","/ti/packages/npm/@ml-toolkit-ts/xgboost"
"package","npm","@opensearch-project/opensearch","other | versions: 3.5.3, 3.6.2, 3.7.0, 3.8.0","/ti/packages/npm/@opensearch-project/opensearch"
"package","npm","@squawk/airport-data","other | versions: 0.7.4, 0.7.5, 0.7.6, 0.7.7, 0.7.8","/ti/packages/npm/@squawk/airport-data"
"package","npm","@squawk/airports","other | versions: 0.6.2, 0.6.3, 0.6.4, 0.6.5, 0.6.6","/ti/packages/npm/@squawk/airports"
"package","npm","@squawk/airspace","other | versions: 0.8.1, 0.8.2, 0.8.3, 0.8.4, 0.8.5","/ti/packages/npm/@squawk/airspace"
"package","npm","@squawk/airspace-data","other | versions: 0.5.3, 0.5.4, 0.5.5, 0.5.6, 0.5.7","/ti/packages/npm/@squawk/airspace-data"
"package","npm","@squawk/airway-data","other | versions: 0.5.4, 0.5.5, 0.5.6, 0.5.7, 0.5.8","/ti/packages/npm/@squawk/airway-data"
"package","npm","@squawk/airways","other | versions: 0.4.2, 0.4.3, 0.4.4, 0.4.5, 0.4.6","/ti/packages/npm/@squawk/airways"
"package","npm","@squawk/fix-data","other | versions: 0.6.4, 0.6.5, 0.6.6, 0.6.7, 0.6.8","/ti/packages/npm/@squawk/fix-data"
"package","npm","@squawk/fixes","other | versions: 0.3.2, 0.3.3, 0.3.4, 0.3.5, 0.3.6","/ti/packages/npm/@squawk/fixes"
"package","npm","@squawk/flight-math","other | versions: 0.5.4, 0.5.5, 0.5.6, 0.5.7, 0.5.8","/ti/packages/npm/@squawk/flight-math"
"package","npm","@squawk/flightplan","other | versions: 0.5.2, 0.5.3, 0.5.4, 0.5.5, 0.5.6","/ti/packages/npm/@squawk/flightplan"
"package","npm","@squawk/geo","other | versions: 0.4.4, 0.4.5, 0.4.6, 0.4.7, 0.4.8","/ti/packages/npm/@squawk/geo"
"package","npm","@squawk/icao-registry","other | versions: 0.5.2, 0.5.3, 0.5.4, 0.5.5, 0.5.6","/ti/packages/npm/@squawk/icao-registry"
"package","npm","@squawk/icao-registry-data","other | versions: 0.8.4, 0.8.5, 0.8.6, 0.8.7, 0.8.8","/ti/packages/npm/@squawk/icao-registry-data"
"package","npm","@squawk/mcp","other | versions: 0.9.1, 0.9.2, 0.9.3, 0.9.4, 0.9.5","/ti/packages/npm/@squawk/mcp"
"package","npm","@squawk/navaid-data","other | versions: 0.6.4, 0.6.5, 0.6.6, 0.6.7, 0.6.8","/ti/packages/npm/@squawk/navaid-data"
"package","npm","@squawk/navaids","other | versions: 0.4.2, 0.4.3, 0.4.4, 0.4.5, 0.4.6","/ti/packages/npm/@squawk/navaids"
"package","npm","@squawk/notams","other | versions: 0.3.6, 0.3.7, 0.3.8, 0.3.9, 0.3.10","/ti/packages/npm/@squawk/notams"
"package","npm","@squawk/procedure-data","other | versions: 0.7.3, 0.7.4, 0.7.5, 0.7.6, 0.7.7","/ti/packages/npm/@squawk/procedure-data"
"package","npm","@squawk/procedures","other | versions: 0.5.2, 0.5.3, 0.5.4, 0.5.5, 0.5.6","/ti/packages/npm/@squawk/procedures"
"package","npm","@squawk/types","other | versions: 0.8.1, 0.8.2, 0.8.3, 0.8.4, 0.8.5","/ti/packages/npm/@squawk/types"
"package","npm","@squawk/units","other | versions: 0.4.3, 0.4.4, 0.4.5, 0.4.6, 0.4.7","/ti/packages/npm/@squawk/units"
"package","npm","@squawk/weather","other | versions: 0.5.6, 0.5.7, 0.5.8, 0.5.9, 0.5.10","/ti/packages/npm/@squawk/weather"
"package","npm","@supersurkhet/cli","other | versions: 0.0.2, 0.0.3, 0.0.4, 0.0.5, 0.0.6, 0.0.7","/ti/packages/npm/@supersurkhet/cli"
"package","npm","@supersurkhet/sdk","other | versions: 0.0.2, 0.0.3, 0.0.4, 0.0.5, 0.0.6, 0.0.7","/ti/packages/npm/@supersurkhet/sdk"
"package","npm","@tallyui/components","other | versions: 1.0.1, 1.0.2, 1.0.3","/ti/packages/npm/@tallyui/components"
"package","npm","@tallyui/connector-medusa","other | versions: 1.0.1, 1.0.2, 1.0.3","/ti/packages/npm/@tallyui/connector-medusa"
"package","npm","@tallyui/connector-shopify","other | versions: 1.0.1, 1.0.2, 1.0.3","/ti/packages/npm/@tallyui/connector-shopify"
"package","npm","@tallyui/connector-vendure","other | versions: 1.0.1, 1.0.2, 1.0.3","/ti/packages/npm/@tallyui/connector-vendure"
"package","npm","@tallyui/connector-woocommerce","other | versions: 1.0.1, 1.0.2, 1.0.3","/ti/packages/npm/@tallyui/connector-woocommerce"
"package","npm","@tallyui/core","other | versions: 0.2.1, 0.2.2, 0.2.3","/ti/packages/npm/@tallyui/core"
"package","npm","@tallyui/database","other | versions: 1.0.1, 1.0.2, 1.0.3","/ti/packages/npm/@tallyui/database"
"package","npm","@tallyui/pos","other | versions: 0.1.1, 0.1.2, 0.1.3","/ti/packages/npm/@tallyui/pos"
"package","npm","@tallyui/storage-sqlite","other | versions: 0.2.1, 0.2.2, 0.2.3","/ti/packages/npm/@tallyui/storage-sqlite"
"package","npm","@tallyui/theme","other | versions: 0.2.1, 0.2.2, 0.2.3","/ti/packages/npm/@tallyui/theme"
"package","npm","@tanstack/arktype-adapter","credential_stealer | versions: 1.166.12, 1.166.15","/ti/packages/npm/@tanstack/arktype-adapter"
"package","npm","@tanstack/eslint-plugin-router","credential_stealer | versions: 1.161.9, 1.161.12","/ti/packages/npm/@tanstack/eslint-plugin-router"
"package","npm","@tanstack/eslint-plugin-start","credential_stealer | versions: 0.0.4, 0.0.7","/ti/packages/npm/@tanstack/eslint-plugin-start"
"package","npm","@tanstack/history","credential_stealer | versions: 1.161.9, 1.161.12","/ti/packages/npm/@tanstack/history"
"package","npm","@tanstack/nitro-v2-vite-plugin","credential_stealer | versions: 1.154.12, 1.154.15","/ti/packages/npm/@tanstack/nitro-v2-vite-plugin"
"package","npm","@tanstack/react-router","credential_stealer | versions: 1.169.5, 1.169.8","/ti/packages/npm/@tanstack/react-router"
"package","npm","@tanstack/react-router-devtools","credential_stealer | versions: 1.166.16, 1.166.19","/ti/packages/npm/@tanstack/react-router-devtools"
"package","npm","@tanstack/react-router-ssr-query","credential_stealer | versions: 1.166.15, 1.166.18","/ti/packages/npm/@tanstack/react-router-ssr-query"
"package","npm","@tanstack/react-start","credential_stealer | versions: 1.167.68, 1.167.71","/ti/packages/npm/@tanstack/react-start"
"package","npm","@tanstack/react-start-client","credential_stealer | versions: 1.166.51, 1.166.54","/ti/packages/npm/@tanstack/react-start-client"
"package","npm","@tanstack/react-start-rsc","credential_stealer | versions: 0.0.47, 0.0.50","/ti/packages/npm/@tanstack/react-start-rsc"
"package","npm","@tanstack/react-start-server","credential_stealer | versions: 1.166.55, 1.166.58","/ti/packages/npm/@tanstack/react-start-server"
"package","npm","@tanstack/router-cli","credential_stealer | versions: 1.166.46, 1.166.49","/ti/packages/npm/@tanstack/router-cli"
"package","npm","@tanstack/router-core","credential_stealer | versions: 1.169.5, 1.169.8","/ti/packages/npm/@tanstack/router-core"
"package","npm","@tanstack/router-devtools","credential_stealer | versions: 1.166.16, 1.166.19","/ti/packages/npm/@tanstack/router-devtools"
"package","npm","@tanstack/router-devtools-core","credential_stealer | versions: 1.167.6, 1.167.9","/ti/packages/npm/@tanstack/router-devtools-core"
"package","npm","@tanstack/router-generator","credential_stealer | versions: 1.166.45, 1.166.48","/ti/packages/npm/@tanstack/router-generator"
"package","npm","@tanstack/router-plugin","credential_stealer | versions: 1.167.38, 1.167.41","/ti/packages/npm/@tanstack/router-plugin"
"package","npm","@tanstack/router-ssr-query-core","credential_stealer | versions: 1.168.3, 1.168.6","/ti/packages/npm/@tanstack/router-ssr-query-core"
"package","npm","@tanstack/router-utils","credential_stealer | versions: 1.161.11, 1.161.14","/ti/packages/npm/@tanstack/router-utils"
"package","npm","@tanstack/router-vite-plugin","credential_stealer | versions: 1.166.53, 1.166.56","/ti/packages/npm/@tanstack/router-vite-plugin"
"package","npm","@tanstack/solid-router","credential_stealer | versions: 1.169.5, 1.169.8","/ti/packages/npm/@tanstack/solid-router"
"package","npm","@tanstack/solid-router-devtools","credential_stealer | versions: 1.166.16, 1.166.19","/ti/packages/npm/@tanstack/solid-router-devtools"
"package","npm","@tanstack/solid-router-ssr-query","credential_stealer | versions: 1.166.15, 1.166.18","/ti/packages/npm/@tanstack/solid-router-ssr-query"
"package","npm","@tanstack/solid-start","credential_stealer | versions: 1.167.65, 1.167.68","/ti/packages/npm/@tanstack/solid-start"
"package","npm","@tanstack/solid-start-client","credential_stealer | versions: 1.166.50, 1.166.53","/ti/packages/npm/@tanstack/solid-start-client"
"package","npm","@tanstack/solid-start-server","credential_stealer | versions: 1.166.54, 1.166.57","/ti/packages/npm/@tanstack/solid-start-server"
"package","npm","@tanstack/start-client-core","credential_stealer | versions: 1.168.5, 1.168.8","/ti/packages/npm/@tanstack/start-client-core"
"package","npm","@tanstack/start-fn-stubs","credential_stealer | versions: 1.161.9, 1.161.12","/ti/packages/npm/@tanstack/start-fn-stubs"
"package","npm","@tanstack/start-plugin-core","credential_stealer | versions: 1.169.23, 1.169.26","/ti/packages/npm/@tanstack/start-plugin-core"
"package","npm","@tanstack/start-server-core","credential_stealer | versions: 1.167.33, 1.167.36","/ti/packages/npm/@tanstack/start-server-core"
"package","npm","@tanstack/start-static-server-functions","credential_stealer | versions: 1.166.44, 1.166.47","/ti/packages/npm/@tanstack/start-static-server-functions"
"package","npm","@tanstack/start-storage-context","credential_stealer | versions: 1.166.38, 1.166.41","/ti/packages/npm/@tanstack/start-storage-context"
"package","npm","@tanstack/valibot-adapter","credential_stealer | versions: 1.166.12, 1.166.15","/ti/packages/npm/@tanstack/valibot-adapter"
"package","npm","@tanstack/virtual-file-routes","credential_stealer | versions: 1.161.10, 1.161.13","/ti/packages/npm/@tanstack/virtual-file-routes"
"package","npm","@tanstack/vue-router","credential_stealer | versions: 1.169.5, 1.169.8","/ti/packages/npm/@tanstack/vue-router"
"package","npm","@tanstack/vue-router-devtools","credential_stealer | versions: 1.166.16, 1.166.19","/ti/packages/npm/@tanstack/vue-router-devtools"
"package","npm","@tanstack/vue-router-ssr-query","credential_stealer | versions: 1.166.15, 1.166.18","/ti/packages/npm/@tanstack/vue-router-ssr-query"
"package","npm","@tanstack/vue-start","credential_stealer | versions: 1.167.61, 1.167.64","/ti/packages/npm/@tanstack/vue-start"
"package","npm","@tanstack/vue-start-client","credential_stealer | versions: 1.166.46, 1.166.49","/ti/packages/npm/@tanstack/vue-start-client"
"package","npm","@tanstack/vue-start-server","credential_stealer | versions: 1.166.50, 1.166.53","/ti/packages/npm/@tanstack/vue-start-server"
"package","npm","@tanstack/zod-adapter","credential_stealer | versions: 1.166.12, 1.166.15","/ti/packages/npm/@tanstack/zod-adapter"
"package","npm","@taskflow-corp/cli","other | versions: 0.1.24, 0.1.25, 0.1.26, 0.1.27, 0.1.28, 0.1.29","/ti/packages/npm/@taskflow-corp/cli"
"package","npm","@tolka/cli","other | versions: 1.0.2, 1.0.3, 1.0.4, 1.0.5, 1.0.6","/ti/packages/npm/@tolka/cli"
"package","npm","@uipath/access-policy-sdk","other | versions: 0.3.1","/ti/packages/npm/@uipath/access-policy-sdk"
"package","npm","@uipath/access-policy-tool","other | versions: 0.3.1","/ti/packages/npm/@uipath/access-policy-tool"
"package","npm","@uipath/admin-tool","other | versions: 0.1.1","/ti/packages/npm/@uipath/admin-tool"
"package","npm","@uipath/agent-sdk","other | versions: 1.0.2","/ti/packages/npm/@uipath/agent-sdk"
"package","npm","@uipath/agent-tool","other | versions: 1.0.1","/ti/packages/npm/@uipath/agent-tool"
"package","npm","@uipath/agent.sdk","other | versions: 0.0.18","/ti/packages/npm/@uipath/agent.sdk"
"package","npm","@uipath/aops-policy-tool","other | versions: 0.3.1","/ti/packages/npm/@uipath/aops-policy-tool"
"package","npm","@uipath/ap-chat","other | versions: 1.5.7","/ti/packages/npm/@uipath/ap-chat"
"package","npm","@uipath/api-workflow-tool","other | versions: 1.0.1","/ti/packages/npm/@uipath/api-workflow-tool"
"package","npm","@uipath/apollo-core","other | versions: 5.9.2","/ti/packages/npm/@uipath/apollo-core"
"package","npm","@uipath/apollo-react","other | versions: 4.24.5","/ti/packages/npm/@uipath/apollo-react"
"package","npm","@uipath/apollo-wind","other | versions: 2.16.2","/ti/packages/npm/@uipath/apollo-wind"
"package","npm","@uipath/auth","other | versions: 1.0.1","/ti/packages/npm/@uipath/auth"
"package","npm","@uipath/case-tool","other | versions: 1.0.1","/ti/packages/npm/@uipath/case-tool"
"package","npm","@uipath/cli","other | versions: 1.0.1","/ti/packages/npm/@uipath/cli"
"package","npm","@uipath/codedagent-tool","other | versions: 1.0.1","/ti/packages/npm/@uipath/codedagent-tool"
"package","npm","@uipath/codedagents-tool","other | versions: 0.1.12","/ti/packages/npm/@uipath/codedagents-tool"
"package","npm","@uipath/codedapp-tool","other | versions: 1.0.1","/ti/packages/npm/@uipath/codedapp-tool"
"package","npm","@uipath/common","other | versions: 1.0.1","/ti/packages/npm/@uipath/common"
"package","npm","@uipath/context-grounding-tool","other | versions: 0.1.1","/ti/packages/npm/@uipath/context-grounding-tool"
"package","npm","@uipath/data-fabric-tool","other | versions: 1.0.2","/ti/packages/npm/@uipath/data-fabric-tool"
"package","npm","@uipath/docsai-tool","other | versions: 1.0.1","/ti/packages/npm/@uipath/docsai-tool"
"package","npm","@uipath/filesystem","other | versions: 1.0.1","/ti/packages/npm/@uipath/filesystem"
"package","npm","@uipath/flow-tool","other | versions: 1.0.2","/ti/packages/npm/@uipath/flow-tool"
"package","npm","@uipath/functions-tool","other | versions: 1.0.1","/ti/packages/npm/@uipath/functions-tool"
"package","npm","@uipath/gov-tool","other | versions: 0.3.1","/ti/packages/npm/@uipath/gov-tool"
"package","npm","@uipath/identity-tool","other | versions: 0.1.1","/ti/packages/npm/@uipath/identity-tool"
"package","npm","@uipath/insights-sdk","other | versions: 1.0.1","/ti/packages/npm/@uipath/insights-sdk"
"package","npm","@uipath/insights-tool","other | versions: 1.0.1","/ti/packages/npm/@uipath/insights-tool"
"package","npm","@uipath/integrationservice-sdk","other | versions: 1.0.2","/ti/packages/npm/@uipath/integrationservice-sdk"
"package","npm","@uipath/integrationservice-tool","other | versions: 1.0.2","/ti/packages/npm/@uipath/integrationservice-tool"
"package","npm","@uipath/llmgw-tool","other | versions: 1.0.1","/ti/packages/npm/@uipath/llmgw-tool"
"package","npm","@uipath/maestro-sdk","other | versions: 1.0.1","/ti/packages/npm/@uipath/maestro-sdk"
"package","npm","@uipath/maestro-tool","other | versions: 1.0.1","/ti/packages/npm/@uipath/maestro-tool"
"package","npm","@uipath/orchestrator-tool","other | versions: 1.0.1","/ti/packages/npm/@uipath/orchestrator-tool"
"package","npm","@uipath/packager-tool-apiworkflow","other | versions: 0.0.19","/ti/packages/npm/@uipath/packager-tool-apiworkflow"
"package","npm","@uipath/packager-tool-bpmn","other | versions: 0.0.9","/ti/packages/npm/@uipath/packager-tool-bpmn"
"package","npm","@uipath/packager-tool-case","other | versions: 0.0.9","/ti/packages/npm/@uipath/packager-tool-case"
"package","npm","@uipath/packager-tool-connector","other | versions: 0.0.19","/ti/packages/npm/@uipath/packager-tool-connector"
"package","npm","@uipath/packager-tool-flow","other | versions: 0.0.19","/ti/packages/npm/@uipath/packager-tool-flow"
"package","npm","@uipath/packager-tool-functions","other | versions: 0.1.1","/ti/packages/npm/@uipath/packager-tool-functions"
"package","npm","@uipath/packager-tool-webapp","other | versions: 1.0.6","/ti/packages/npm/@uipath/packager-tool-webapp"
"package","npm","@uipath/packager-tool-workflowcompiler","other | versions: 0.0.16","/ti/packages/npm/@uipath/packager-tool-workflowcompiler"
"package","npm","@uipath/packager-tool-workflowcompiler-browser","other | versions: 0.0.34","/ti/packages/npm/@uipath/packager-tool-workflowcompiler-browser"
"package","npm","@uipath/platform-tool","other | versions: 1.0.1","/ti/packages/npm/@uipath/platform-tool"
"package","npm","@uipath/project-packager","other | versions: 1.1.16","/ti/packages/npm/@uipath/project-packager"
"package","npm","@uipath/resource-tool","other | versions: 1.0.1","/ti/packages/npm/@uipath/resource-tool"
"package","npm","@uipath/resourcecatalog-tool","other | versions: 0.1.1","/ti/packages/npm/@uipath/resourcecatalog-tool"
"package","npm","@uipath/resources-tool","other | versions: 0.1.11","/ti/packages/npm/@uipath/resources-tool"
"package","npm","@uipath/robot","other | versions: 1.3.4","/ti/packages/npm/@uipath/robot"
"package","npm","@uipath/rpa-legacy-tool","other | versions: 1.0.1","/ti/packages/npm/@uipath/rpa-legacy-tool"
"package","npm","@uipath/rpa-tool","other | versions: 0.9.5","/ti/packages/npm/@uipath/rpa-tool"
"package","npm","@uipath/solution-packager","other | versions: 0.0.35","/ti/packages/npm/@uipath/solution-packager"
"package","npm","@uipath/solution-tool","other | versions: 1.0.1","/ti/packages/npm/@uipath/solution-tool"
"package","npm","@uipath/solutionpackager-sdk","other | versions: 1.0.11","/ti/packages/npm/@uipath/solutionpackager-sdk"
"package","npm","@uipath/solutionpackager-tool-core","other | versions: 0.0.34","/ti/packages/npm/@uipath/solutionpackager-tool-core"
"package","npm","@uipath/tasks-tool","other | versions: 1.0.1","/ti/packages/npm/@uipath/tasks-tool"
"package","npm","@uipath/telemetry","other | versions: 0.0.7","/ti/packages/npm/@uipath/telemetry"
"package","npm","@uipath/test-manager-tool","other | versions: 1.0.2","/ti/packages/npm/@uipath/test-manager-tool"
"package","npm","@uipath/tool-workflowcompiler","other | versions: 0.0.12","/ti/packages/npm/@uipath/tool-workflowcompiler"
"package","npm","@uipath/traces-tool","other | versions: 1.0.1","/ti/packages/npm/@uipath/traces-tool"
"package","npm","@uipath/ui-widgets-multi-file-upload","other | versions: 1.0.1","/ti/packages/npm/@uipath/ui-widgets-multi-file-upload"
"package","npm","@uipath/uipath-python-bridge","other | versions: 1.0.1","/ti/packages/npm/@uipath/uipath-python-bridge"
"package","npm","@uipath/vertical-solutions-tool","other | versions: 1.0.1","/ti/packages/npm/@uipath/vertical-solutions-tool"
"package","npm","@uipath/vss","other | versions: 0.1.6","/ti/packages/npm/@uipath/vss"
"package","npm","@uipath/widget.sdk","other | versions: 1.2.3","/ti/packages/npm/@uipath/widget.sdk"
"package","npm","agentwork-cli","other | versions: 0.1.4, 0.1.5","/ti/packages/npm/agentwork-cli"
"package","npm","cmux-agent-mcp","other | versions: 0.1.3, 0.1.4, 0.1.5, 0.1.6, 0.1.7, 0.1.8","/ti/packages/npm/cmux-agent-mcp"
"package","npm","cross-stitch","other | versions: 1.1.3, 1.1.4, 1.1.5, 1.1.6, 1.1.7","/ti/packages/npm/cross-stitch"
"package","npm","git-branch-selector","other | versions: 1.3.3, 1.3.4, 1.3.5, 1.3.6, 1.3.7","/ti/packages/npm/git-branch-selector"
"package","npm","git-git-git","other | versions: 1.0.8, 1.0.9, 1.0.10, 1.0.11, 1.0.12","/ti/packages/npm/git-git-git"
"package","npm","ml-toolkit-ts","other | versions: 1.0.4, 1.0.5","/ti/packages/npm/ml-toolkit-ts"
"package","npm","nextmove-mcp","other | versions: 0.1.3, 0.1.4, 0.1.5, 0.1.6, 0.1.7","/ti/packages/npm/nextmove-mcp"
"package","npm","safe-action","other | versions: 0.8.3, 0.8.4","/ti/packages/npm/safe-action"
"package","npm","ts-dna","other | versions: 3.0.1, 3.0.2, 3.0.3, 3.0.4, 3.0.5","/ti/packages/npm/ts-dna"
"package","npm","wot-api","other | versions: 0.8.1, 0.8.2, 0.8.3, 0.8.4","/ti/packages/npm/wot-api"
"package","pypi","guardrails-ai","other | versions: 0.10.1","/ti/packages/pypi/guardrails-ai"
"package","pypi","mistralai","other | versions: 2.4.6","/ti/packages/pypi/mistralai"
"package","npm","node-ipc","credential_stealer; data_exfiltration; rat; persistence | versions: 9.1.6, 9.2.3, 12.0.1","/ti/packages/npm/node-ipc"
"package","npm","ai-figure","other | versions: 0.5.0, 0.6.0","/ti/packages/npm/ai-figure"
"package","npm","amapcn","other | versions: 0.2.2, 0.3.2","/ti/packages/npm/amapcn"
"package","npm","@antv/a8","credential_stealer | versions: 0.1.1, 0.2.1","/ti/packages/npm/@antv/a8"
"package","npm","@antv/adjust","credential_stealer | versions: 0.3.5, 0.4.5","/ti/packages/npm/@antv/adjust"
"package","npm","@antv/algorithm","credential_stealer | versions: 0.2.26, 0.3.26","/ti/packages/npm/@antv/algorithm"
"package","npm","@antv/async-hook","credential_stealer | versions: 2.3.9, 2.4.9","/ti/packages/npm/@antv/async-hook"
"package","npm","@antv/attr","credential_stealer | versions: 0.4.5, 0.5.5","/ti/packages/npm/@antv/attr"
"package","npm","@antv/ava","credential_stealer | versions: 3.5.1, 3.6.1","/ti/packages/npm/@antv/ava"
"package","npm","@antv/ava-react","credential_stealer | versions: 3.4.2, 3.5.2","/ti/packages/npm/@antv/ava-react"
"package","npm","@antv/awards","credential_stealer | versions: 0.1.9, 0.2.9","/ti/packages/npm/@antv/awards"
"package","npm","@antv/calendar-heatmap","credential_stealer | versions: 1.2.2, 1.3.2","/ti/packages/npm/@antv/calendar-heatmap"
"package","npm","@antv/chart-linter","credential_stealer | versions: 1.2.6, 1.3.6","/ti/packages/npm/@antv/chart-linter"
"package","npm","@antv/chart-node-g6","credential_stealer | versions: 0.1.4, 0.2.4","/ti/packages/npm/@antv/chart-node-g6"
"package","npm","@antv/chart-visualization-skills","credential_stealer | versions: 0.2.3, 0.3.3","/ti/packages/npm/@antv/chart-visualization-skills"
"package","npm","@antv/ckb","credential_stealer | versions: 2.1.4, 2.2.4","/ti/packages/npm/@antv/ckb"
"package","npm","@antv/color-schema","credential_stealer | versions: 0.3.3, 0.4.3","/ti/packages/npm/@antv/color-schema"
"package","npm","@antv/color-util","credential_stealer | versions: 2.1.6, 2.2.6","/ti/packages/npm/@antv/color-util"
"package","npm","@antv/component","credential_stealer | versions: 2.2.11, 2.3.11","/ti/packages/npm/@antv/component"
"package","npm","@antv/coord","credential_stealer | versions: 0.5.7, 0.6.7","/ti/packages/npm/@antv/coord"
"package","npm","@antv/d3-color","credential_stealer | versions: 1.1.0, 1.2.0","/ti/packages/npm/@antv/d3-color"
"package","npm","@antv/d3-interpolate","credential_stealer | versions: 1.1.3, 1.2.3","/ti/packages/npm/@antv/d3-interpolate"
"package","npm","@antv/data-samples","credential_stealer | versions: 1.1.1, 1.2.1","/ti/packages/npm/@antv/data-samples"
"package","npm","@antv/data-set","credential_stealer | versions: 0.12.8, 0.13.8","/ti/packages/npm/@antv/data-set"
"package","npm","@antv/data-wizard","credential_stealer | versions: 2.1.4, 2.2.4","/ti/packages/npm/@antv/data-wizard"
"package","npm","@antv/dipper-component","credential_stealer | versions: 0.1.4, 0.2.4","/ti/packages/npm/@antv/dipper-component"
"package","npm","@antv/dipper-hooks","credential_stealer | versions: 0.3.1, 0.4.1","/ti/packages/npm/@antv/dipper-hooks"
"package","npm","@antv/dipper-map","credential_stealer | versions: 1.1.10, 1.2.10","/ti/packages/npm/@antv/dipper-map"
"package","npm","@antv/dom-util","credential_stealer | versions: 2.1.4, 2.2.4","/ti/packages/npm/@antv/dom-util"
"package","npm","@antv/dumi-theme-antv","credential_stealer | versions: 0.10.4, 0.9.4","/ti/packages/npm/@antv/dumi-theme-antv"
"package","npm","@antv/dw-analyzer","credential_stealer | versions: 1.2.5, 1.3.5","/ti/packages/npm/@antv/dw-analyzer"
"package","npm","@antv/dw-random","credential_stealer | versions: 1.2.7, 1.3.7","/ti/packages/npm/@antv/dw-random"
"package","npm","@antv/dw-transform","credential_stealer | versions: 1.2.7, 1.3.7","/ti/packages/npm/@antv/dw-transform"
"package","npm","@antv/dw-util","credential_stealer | versions: 1.2.4, 1.3.4","/ti/packages/npm/@antv/dw-util"
"package","npm","@antv/event-emitter","credential_stealer | versions: 0.2.3, 0.3.3","/ti/packages/npm/@antv/event-emitter"
"package","npm","@antv/expr","credential_stealer | versions: 1.1.2, 1.2.2","/ti/packages/npm/@antv/expr"
"package","npm","@antv/f2","credential_stealer | versions: 5.15.0, 5.16.0","/ti/packages/npm/@antv/f2"
"package","npm","@antv/f2-algorithm","credential_stealer | versions: 5.8.0, 5.9.0","/ti/packages/npm/@antv/f2-algorithm"
"package","npm","@antv/f2-canvas","credential_stealer | versions: 1.1.5, 1.2.5","/ti/packages/npm/@antv/f2-canvas"
"package","npm","@antv/f2-context","credential_stealer | versions: 0.1.1, 0.2.1","/ti/packages/npm/@antv/f2-context"
"package","npm","@antv/f2-graphic","credential_stealer | versions: 0.1.16, 0.2.16","/ti/packages/npm/@antv/f2-graphic"
"package","npm","@antv/f2-my","credential_stealer | versions: 4.1.52, 4.2.52","/ti/packages/npm/@antv/f2-my"
"package","npm","@antv/f2-react","credential_stealer | versions: 5.15.0, 5.16.0","/ti/packages/npm/@antv/f2-react"
"package","npm","@antv/f2-site","credential_stealer | versions: 4.1.42, 4.2.42","/ti/packages/npm/@antv/f2-site"
"package","npm","@antv/f2-vue","credential_stealer | versions: 4.1.33, 4.2.33","/ti/packages/npm/@antv/f2-vue"
"package","npm","@antv/f2-wordcloud","credential_stealer | versions: 5.15.0, 5.16.0","/ti/packages/npm/@antv/f2-wordcloud"
"package","npm","@antv/f2-wx","credential_stealer | versions: 4.1.51, 4.2.51","/ti/packages/npm/@antv/f2-wx"
"package","npm","@antv/f6","credential_stealer | versions: 0.1.19, 0.2.19","/ti/packages/npm/@antv/f6"
"package","npm","@antv/f6-alipay","credential_stealer | versions: 0.1.7, 0.2.7","/ti/packages/npm/@antv/f6-alipay"
"package","npm","@antv/f6-core","credential_stealer | versions: 0.1.2, 0.2.2","/ti/packages/npm/@antv/f6-core"
"package","npm","@antv/f6-element","credential_stealer | versions: 0.1.1, 0.2.1","/ti/packages/npm/@antv/f6-element"
"package","npm","@antv/f6-hammerjs","credential_stealer | versions: 0.1.2, 0.2.2","/ti/packages/npm/@antv/f6-hammerjs"
"package","npm","@antv/f6-plugin","credential_stealer | versions: 1.1.6, 1.2.6","/ti/packages/npm/@antv/f6-plugin"
"package","npm","@antv/f6-ui","credential_stealer | versions: 1.1.3, 1.2.3","/ti/packages/npm/@antv/f6-ui"
"package","npm","@antv/f6-wx","credential_stealer | versions: 0.1.7, 0.2.7","/ti/packages/npm/@antv/f6-wx"
"package","npm","@antv/f-charts","credential_stealer | versions: 0.1.0, 0.2.0","/ti/packages/npm/@antv/f-charts"
"package","npm","@antv/f-engine","credential_stealer | versions: 1.11.0, 1.12.0","/ti/packages/npm/@antv/f-engine"
"package","npm","@antv/f-lottie","credential_stealer | versions: 1.11.0, 1.12.0","/ti/packages/npm/@antv/f-lottie"
"package","npm","@antv/f-my","credential_stealer | versions: 1.11.0, 1.12.0","/ti/packages/npm/@antv/f-my"
"package","npm","@antv/f-react","credential_stealer | versions: 1.11.0, 1.12.0","/ti/packages/npm/@antv/f-react"
"package","npm","@antv/f-test-utils","credential_stealer | versions: 1.1.9, 1.2.9","/ti/packages/npm/@antv/f-test-utils"
"package","npm","@antv/f-vue","credential_stealer | versions: 1.11.0, 1.12.0","/ti/packages/npm/@antv/f-vue"
"package","npm","@antv/f-wx","credential_stealer | versions: 1.11.0, 1.12.0","/ti/packages/npm/@antv/f-wx"
"package","npm","@antv/g2","credential_stealer | versions: 5.5.8, 5.6.8","/ti/packages/npm/@antv/g2"
"package","npm","@antv/g2-brush","credential_stealer | versions: 0.1.2, 0.2.2","/ti/packages/npm/@antv/g2-brush"
"package","npm","@antv/g2-extension-3d","credential_stealer | versions: 0.3.0, 0.4.0","/ti/packages/npm/@antv/g2-extension-3d"
"package","npm","@antv/g2-extension-ava","credential_stealer | versions: 0.3.0, 0.4.0","/ti/packages/npm/@antv/g2-extension-ava"
"package","npm","@antv/g2-extension-plot","credential_stealer | versions: 0.3.2, 0.4.2","/ti/packages/npm/@antv/g2-extension-plot"
"package","npm","@antv/g2plot","credential_stealer | versions: 2.5.35, 2.6.35","/ti/packages/npm/@antv/g2plot"
"package","npm","@antv/g2plot-schemas","credential_stealer | versions: 1.3.2, 1.4.2","/ti/packages/npm/@antv/g2plot-schemas"
"package","npm","@antv/g2-plugin-slider","credential_stealer | versions: 2.2.1, 2.3.1","/ti/packages/npm/@antv/g2-plugin-slider"
"package","npm","@antv/g2-ssr","credential_stealer | versions: 0.3.0, 0.4.0","/ti/packages/npm/@antv/g2-ssr"
"package","npm","@antv/g","credential_stealer | versions: 6.4.1, 6.5.1","/ti/packages/npm/@antv/g"
"package","npm","@antv/g6","credential_stealer | versions: 5.2.1, 5.3.1","/ti/packages/npm/@antv/g6"
"package","npm","@antv/g6-alipay","credential_stealer | versions: 0.1.1, 0.2.1","/ti/packages/npm/@antv/g6-alipay"
"package","npm","@antv/g6-cli","credential_stealer | versions: 0.1.4, 0.2.4","/ti/packages/npm/@antv/g6-cli"
"package","npm","@antv/g6-core","credential_stealer | versions: 0.10.24, 0.9.24","/ti/packages/npm/@antv/g6-core"
"package","npm","@antv/g6-editor","credential_stealer | versions: 1.3.0, 1.4.0","/ti/packages/npm/@antv/g6-editor"
"package","npm","@antv/g6-element","credential_stealer | versions: 0.10.25, 0.9.25","/ti/packages/npm/@antv/g6-element"
"package","npm","@antv/g6-extension-3d","credential_stealer | versions: 0.2.23, 0.3.23","/ti/packages/npm/@antv/g6-extension-3d"
"package","npm","@antv/g6-extension-react","credential_stealer | versions: 0.3.7, 0.4.7","/ti/packages/npm/@antv/g6-extension-react"
"package","npm","@antv/g6-mobile","credential_stealer | versions: 0.2.2, 0.3.2","/ti/packages/npm/@antv/g6-mobile"
"package","npm","@antv/g6-pc","credential_stealer | versions: 0.10.25, 0.9.25","/ti/packages/npm/@antv/g6-pc"
"package","npm","@antv/g6-plugin","credential_stealer | versions: 0.10.25, 0.9.25","/ti/packages/npm/@antv/g6-plugin"
"package","npm","@antv/g6-plugin-map-view","credential_stealer | versions: 0.1.4, 0.2.4","/ti/packages/npm/@antv/g6-plugin-map-view"
"package","npm","@antv/g6-plugins","credential_stealer | versions: 1.1.9, 1.2.9","/ti/packages/npm/@antv/g6-plugins"
"package","npm","@antv/g6-react-node","credential_stealer | versions: 1.5.8, 1.6.8","/ti/packages/npm/@antv/g6-react-node"
"package","npm","@antv/g6-ssr","credential_stealer | versions: 0.2.1, 0.3.1","/ti/packages/npm/@antv/g6-ssr"
"package","npm","@antv/g6-wx","credential_stealer | versions: 0.1.1, 0.2.1","/ti/packages/npm/@antv/g6-wx"
"package","npm","@antv/gatsby-theme","credential_stealer | versions: 0.2.0, 0.3.0","/ti/packages/npm/@antv/gatsby-theme"
"package","npm","@antv/g-base","credential_stealer | versions: 0.6.16, 0.7.16","/ti/packages/npm/@antv/g-base"
"package","npm","@antv/g-camera-api","credential_stealer | versions: 2.1.45, 2.2.45","/ti/packages/npm/@antv/g-camera-api"
"package","npm","@antv/g-canvas","credential_stealer | versions: 2.3.0, 2.4.0","/ti/packages/npm/@antv/g-canvas"
"package","npm","@antv/g-canvaskit","credential_stealer | versions: 1.2.1, 1.3.1","/ti/packages/npm/@antv/g-canvaskit"
"package","npm","@antv/g-compat","credential_stealer | versions: 1.1.11, 1.2.11","/ti/packages/npm/@antv/g-compat"
"package","npm","@antv/g-components","credential_stealer | versions: 2.1.42, 2.2.42","/ti/packages/npm/@antv/g-components"
"package","npm","@antv/g-css-layout-api","credential_stealer | versions: 1.1.38, 1.2.38","/ti/packages/npm/@antv/g-css-layout-api"
"package","npm","@antv/g-css-typed-om-api","credential_stealer | versions: 1.1.38, 1.2.38","/ti/packages/npm/@antv/g-css-typed-om-api"
"package","npm","@antv/g-device-api","credential_stealer | versions: 1.7.13, 1.8.13","/ti/packages/npm/@antv/g-device-api"
"package","npm","@antv/g-dom-mutation-observer-api","credential_stealer | versions: 2.1.42, 2.2.42","/ti/packages/npm/@antv/g-dom-mutation-observer-api"
"package","npm","@antv/geo-coord","credential_stealer | versions: 1.1.8, 1.2.8","/ti/packages/npm/@antv/geo-coord"
"package","npm","@antv/g-gesture","credential_stealer | versions: 3.1.42, 3.2.42","/ti/packages/npm/@antv/g-gesture"
"package","npm","@antv/gi-assets-advance","credential_stealer | versions: 2.6.22, 2.7.22","/ti/packages/npm/@antv/gi-assets-advance"
"package","npm","@antv/gi-assets-algorithm","credential_stealer | versions: 2.4.19, 2.5.19","/ti/packages/npm/@antv/gi-assets-algorithm"
"package","npm","@antv/gi-assets-basic","credential_stealer | versions: 2.5.40, 2.6.40","/ti/packages/npm/@antv/gi-assets-basic"
"package","npm","@antv/gi-assets-galaxybase","credential_stealer | versions: 1.3.15, 1.4.15","/ti/packages/npm/@antv/gi-assets-galaxybase"
"package","npm","@antv/gi-assets-graphscope","credential_stealer | versions: 2.2.15, 2.3.15","/ti/packages/npm/@antv/gi-assets-graphscope"
"package","npm","@antv/gi-assets-hugegraph","credential_stealer | versions: 1.2.15, 1.3.15","/ti/packages/npm/@antv/gi-assets-hugegraph"
"package","npm","@antv/gi-assets-janusgraph","credential_stealer | versions: 1.2.15, 1.3.15","/ti/packages/npm/@antv/gi-assets-janusgraph"
"package","npm","@antv/gi-assets-neo4j","credential_stealer | versions: 2.2.15, 2.3.15","/ti/packages/npm/@antv/gi-assets-neo4j"
"package","npm","@antv/gi-assets-scene","credential_stealer | versions: 2.3.21, 2.4.21","/ti/packages/npm/@antv/gi-assets-scene"
"package","npm","@antv/gi-assets-tugraph","credential_stealer | versions: 2.2.15, 2.3.15","/ti/packages/npm/@antv/gi-assets-tugraph"
"package","npm","@antv/gi-assets-tugraph-analytics","credential_stealer | versions: 0.3.15, 0.4.15","/ti/packages/npm/@antv/gi-assets-tugraph-analytics"
"package","npm","@antv/gi-assets-xlab","credential_stealer | versions: 0.2.30, 0.3.30","/ti/packages/npm/@antv/gi-assets-xlab"
"package","npm","@antv/gi-cli","credential_stealer | versions: 1.3.11, 1.4.11","/ti/packages/npm/@antv/gi-cli"
"package","npm","@antv/gi-common-components","credential_stealer | versions: 1.4.16, 1.5.16","/ti/packages/npm/@antv/gi-common-components"
"package","npm","@antv/g-image-exporter","credential_stealer | versions: 1.1.42, 1.2.42","/ti/packages/npm/@antv/g-image-exporter"
"package","npm","@antv/gi-mock-data","credential_stealer | versions: 1.1.5, 1.2.5","/ti/packages/npm/@antv/gi-mock-data"
"package","npm","@antv/gi-public-data","credential_stealer | versions: 1.1.1, 1.2.1","/ti/packages/npm/@antv/gi-public-data"
"package","npm","@antv/gi-sdk","credential_stealer | versions: 3.1.0, 3.2.0","/ti/packages/npm/@antv/gi-sdk"
"package","npm","@antv/gi-sdk-app","credential_stealer | versions: 1.3.10, 1.4.10","/ti/packages/npm/@antv/gi-sdk-app"
"package","npm","@antv/gi-theme-antd","credential_stealer | versions: 0.7.11, 0.8.11","/ti/packages/npm/@antv/gi-theme-antd"
"package","npm","@antv/github-config-cli","credential_stealer | versions: 0.2.0, 0.3.0","/ti/packages/npm/@antv/github-config-cli"
"package","npm","@antv/g-layout-blocklike","credential_stealer | versions: 1.8.49, 1.9.49","/ti/packages/npm/@antv/g-layout-blocklike"
"package","npm","@antv/g-lite","credential_stealer | versions: 2.8.0, 2.9.0","/ti/packages/npm/@antv/g-lite"
"package","npm","@antv/gl-matrix","credential_stealer | versions: 2.8.1, 2.9.1","/ti/packages/npm/@antv/gl-matrix"
"package","npm","@antv/g-lottie-player","credential_stealer | versions: 1.2.1, 1.3.1","/ti/packages/npm/@antv/g-lottie-player"
"package","npm","@antv/g-math","credential_stealer | versions: 3.2.0, 3.3.0","/ti/packages/npm/@antv/g-math"
"package","npm","@antv/g-mobile","credential_stealer | versions: 1.2.5, 1.3.5","/ti/packages/npm/@antv/g-mobile"
"package","npm","@antv/g-mobile-canvas","credential_stealer | versions: 1.2.1, 1.3.1","/ti/packages/npm/@antv/g-mobile-canvas"
"package","npm","@antv/g-mobile-canvas-element","credential_stealer | versions: 1.1.42, 1.2.42","/ti/packages/npm/@antv/g-mobile-canvas-element"
"package","npm","@antv/g-mobile-svg","credential_stealer | versions: 1.2.1, 1.3.1","/ti/packages/npm/@antv/g-mobile-svg"
"package","npm","@antv/g-mobile-webgl","credential_stealer | versions: 1.2.1, 1.3.1","/ti/packages/npm/@antv/g-mobile-webgl"
"package","npm","@antv/g-pattern","credential_stealer | versions: 2.1.42, 2.2.42","/ti/packages/npm/@antv/g-pattern"
"package","npm","@antv/g-perf","credential_stealer | versions: 1.1.0, 1.2.0","/ti/packages/npm/@antv/g-perf"
"package","npm","@antv/g-plugin-3d","credential_stealer | versions: 2.2.1, 2.3.1","/ti/packages/npm/@antv/g-plugin-3d"
"package","npm","@antv/g-plugin-a11y","credential_stealer | versions: 1.5.1, 1.6.1","/ti/packages/npm/@antv/g-plugin-a11y"
"package","npm","@antv/g-plugin-annotation","credential_stealer | versions: 1.3.0, 1.4.0","/ti/packages/npm/@antv/g-plugin-annotation"
"package","npm","@antv/g-plugin-box2d","credential_stealer | versions: 2.2.1, 2.3.1","/ti/packages/npm/@antv/g-plugin-box2d"
"package","npm","@antv/g-plugin-canvaskit-renderer","credential_stealer | versions: 2.4.1, 2.5.1","/ti/packages/npm/@antv/g-plugin-canvaskit-renderer"
"package","npm","@antv/g-plugin-canvas-path-generator","credential_stealer | versions: 2.2.26, 2.3.26","/ti/packages/npm/@antv/g-plugin-canvas-path-generator"
"package","npm","@antv/g-plugin-canvas-picker","credential_stealer | versions: 2.4.1, 2.5.1","/ti/packages/npm/@antv/g-plugin-canvas-picker"
"package","npm","@antv/g-plugin-canvas-renderer","credential_stealer | versions: 2.6.1, 2.7.1","/ti/packages/npm/@antv/g-plugin-canvas-renderer"
"package","npm","@antv/g-plugin-control","credential_stealer | versions: 2.2.1, 2.3.1","/ti/packages/npm/@antv/g-plugin-control"
"package","npm","@antv/g-plugin-css-select","credential_stealer | versions: 2.2.1, 2.3.1","/ti/packages/npm/@antv/g-plugin-css-select"
"package","npm","@antv/g-plugin-device-renderer","credential_stealer | versions: 2.7.1, 2.8.1","/ti/packages/npm/@antv/g-plugin-device-renderer"
"package","npm","@antv/g-plugin-dom-interaction","credential_stealer | versions: 2.2.31, 2.3.31","/ti/packages/npm/@antv/g-plugin-dom-interaction"
"package","npm","@antv/g-plugin-dragndrop","credential_stealer | versions: 2.2.1, 2.3.1","/ti/packages/npm/@antv/g-plugin-dragndrop"
"package","npm","@antv/g-plugin-gesture","credential_stealer | versions: 2.2.1, 2.3.1","/ti/packages/npm/@antv/g-plugin-gesture"
"package","npm","@antv/g-plugin-gpgpu","credential_stealer | versions: 1.10.20, 1.11.20","/ti/packages/npm/@antv/g-plugin-gpgpu"
"package","npm","@antv/g-plugin-html-renderer","credential_stealer | versions: 2.4.1, 2.5.1","/ti/packages/npm/@antv/g-plugin-html-renderer"
"package","npm","@antv/g-plugin-image-loader","credential_stealer | versions: 2.4.1, 2.5.1","/ti/packages/npm/@antv/g-plugin-image-loader"
"package","npm","@antv/g-plugin-matterjs","credential_stealer | versions: 2.2.1, 2.3.1","/ti/packages/npm/@antv/g-plugin-matterjs"
"package","npm","@antv/g-plugin-mobile-interaction","credential_stealer | versions: 1.1.42, 1.2.42","/ti/packages/npm/@antv/g-plugin-mobile-interaction"
"package","npm","@antv/g-plugin-physx","credential_stealer | versions: 2.2.1, 2.3.1","/ti/packages/npm/@antv/g-plugin-physx"
"package","npm","@antv/g-plugin-rough-canvas-renderer","credential_stealer | versions: 2.2.1, 2.3.1","/ti/packages/npm/@antv/g-plugin-rough-canvas-renderer"
"package","npm","@antv/g-plugin-rough-svg-renderer","credential_stealer | versions: 2.2.1, 2.3.1","/ti/packages/npm/@antv/g-plugin-rough-svg-renderer"
"package","npm","@antv/g-plugin-svg-picker","credential_stealer | versions: 2.1.46, 2.2.46","/ti/packages/npm/@antv/g-plugin-svg-picker"
"package","npm","@antv/g-plugin-svg-renderer","credential_stealer | versions: 2.5.1, 2.6.1","/ti/packages/npm/@antv/g-plugin-svg-renderer"
"package","npm","@antv/g-plugin-webgl-device","credential_stealer | versions: 1.10.17, 1.11.17","/ti/packages/npm/@antv/g-plugin-webgl-device"
"package","npm","@antv/g-plugin-webgl-renderer","credential_stealer | versions: 1.1.26, 1.2.26","/ti/packages/npm/@antv/g-plugin-webgl-renderer"
"package","npm","@antv/g-plugin-webgpu-device","credential_stealer | versions: 1.10.17, 1.11.17","/ti/packages/npm/@antv/g-plugin-webgpu-device"
"package","npm","@antv/g-plugin-yoga","credential_stealer | versions: 2.4.1, 2.5.1","/ti/packages/npm/@antv/g-plugin-yoga"
"package","npm","@antv/g-plugin-zdog-canvas-renderer","credential_stealer | versions: 2.2.1, 2.3.1","/ti/packages/npm/@antv/g-plugin-zdog-canvas-renderer"
"package","npm","@antv/g-plugin-zdog-svg-renderer","credential_stealer | versions: 2.2.1, 2.3.1","/ti/packages/npm/@antv/g-plugin-zdog-svg-renderer"
"package","npm","@antv/gpt-vis","credential_stealer | versions: 1.1.0, 1.2.0","/ti/packages/npm/@antv/gpt-vis"
"package","npm","@antv/gpt-vis-ssr","credential_stealer | versions: 0.4.7, 0.5.7","/ti/packages/npm/@antv/gpt-vis-ssr"
"package","npm","@antv/graphin","credential_stealer | versions: 3.1.5, 3.2.5","/ti/packages/npm/@antv/graphin"
"package","npm","@antv/graphin-components","credential_stealer | versions: 2.5.1, 2.6.1","/ti/packages/npm/@antv/graphin-components"
"package","npm","@antv/graphin-graphscope","credential_stealer | versions: 1.1.5, 1.2.5","/ti/packages/npm/@antv/graphin-graphscope"
"package","npm","@antv/graphin-icons","credential_stealer | versions: 1.1.0, 1.2.0","/ti/packages/npm/@antv/graphin-icons"
"package","npm","@antv/graphlib","credential_stealer | versions: 2.1.4, 2.2.4","/ti/packages/npm/@antv/graphlib"
"package","npm","@antv/g-shader-components","credential_stealer | versions: 2.1.0, 2.2.0","/ti/packages/npm/@antv/g-shader-components"
"package","npm","@antv/g-svg","credential_stealer | versions: 2.2.1, 2.3.1","/ti/packages/npm/@antv/g-svg"
"package","npm","@antv/g-web-animations-api","credential_stealer | versions: 2.2.32, 2.3.32","/ti/packages/npm/@antv/g-web-animations-api"
"package","npm","@antv/g-web-components","credential_stealer | versions: 2.2.1, 2.3.1","/ti/packages/npm/@antv/g-web-components"
"package","npm","@antv/g-webgl","credential_stealer | versions: 2.2.1, 2.3.1","/ti/packages/npm/@antv/g-webgl"
"package","npm","@antv/g-webgl-compute","credential_stealer | versions: 0.1.1, 0.2.1","/ti/packages/npm/@antv/g-webgl-compute"
"package","npm","@antv/g-webgpu","credential_stealer | versions: 2.2.1, 2.3.1","/ti/packages/npm/@antv/g-webgpu"
"package","npm","@antv/g-webgpu-compiler","credential_stealer | versions: 0.8.2, 0.9.2","/ti/packages/npm/@antv/g-webgpu-compiler"
"package","npm","@antv/g-webgpu-core","credential_stealer | versions: 0.8.2, 0.9.2","/ti/packages/npm/@antv/g-webgpu-core"
"package","npm","@antv/g-webgpu-engine","credential_stealer | versions: 0.8.2, 0.9.2","/ti/packages/npm/@antv/g-webgpu-engine"
"package","npm","@antv/g-webgpu-raytracer","credential_stealer | versions: 0.6.1, 0.7.1","/ti/packages/npm/@antv/g-webgpu-raytracer"
"package","npm","@antv/g-webgpu-unitchart","credential_stealer | versions: 0.6.1, 0.7.1","/ti/packages/npm/@antv/g-webgpu-unitchart"
"package","npm","@antv/hierarchy","credential_stealer | versions: 0.8.1, 0.9.1","/ti/packages/npm/@antv/hierarchy"
"package","npm","@antv/infographic","credential_stealer | versions: 0.3.19, 0.4.19","/ti/packages/npm/@antv/infographic"
"package","npm","@antv/insight-component","credential_stealer | versions: 1.1.0, 1.2.0","/ti/packages/npm/@antv/insight-component"
"package","npm","@antv/interaction","credential_stealer | versions: 0.2.5, 0.3.5","/ti/packages/npm/@antv/interaction"
"package","npm","@antv/istanbul","credential_stealer | versions: 0.1.0, 0.2.0","/ti/packages/npm/@antv/istanbul"
"package","npm","@antv/knowledge","credential_stealer | versions: 1.2.4, 1.3.4","/ti/packages/npm/@antv/knowledge"
"package","npm","@antv/l7","credential_stealer | versions: 2.26.10, 2.27.10","/ti/packages/npm/@antv/l7"
"package","npm","@antv/l7-component","credential_stealer | versions: 2.26.10, 2.27.10","/ti/packages/npm/@antv/l7-component"
"package","npm","@antv/l7-composite-layers","credential_stealer | versions: 0.18.1, 0.19.1","/ti/packages/npm/@antv/l7-composite-layers"
"package","npm","@antv/l7-core","credential_stealer | versions: 2.26.10, 2.27.10","/ti/packages/npm/@antv/l7-core"
"package","npm","@antv/l7-district","credential_stealer | versions: 2.4.12, 2.5.12","/ti/packages/npm/@antv/l7-district"
"package","npm","@antv/l7-draw","credential_stealer | versions: 3.2.5, 3.3.5","/ti/packages/npm/@antv/l7-draw"
"package","npm","@antv/l7-editor","credential_stealer | versions: 1.2.13, 1.3.13","/ti/packages/npm/@antv/l7-editor"
"package","npm","@antv/l7-extension-g-layer","credential_stealer | versions: 1.1.0, 1.2.0","/ti/packages/npm/@antv/l7-extension-g-layer"
"package","npm","@antv/l7-layers","credential_stealer | versions: 2.26.10, 2.27.10","/ti/packages/npm/@antv/l7-layers"
"package","npm","@antv/l7-leaflet","credential_stealer | versions: 1.1.2, 1.2.2","/ti/packages/npm/@antv/l7-leaflet"
"package","npm","@antv/l7-map","credential_stealer | versions: 2.26.10, 2.27.10","/ti/packages/npm/@antv/l7-map"
"package","npm","@antv/l7-mapkit","credential_stealer | versions: 0.6.0, 0.7.0","/ti/packages/npm/@antv/l7-mapkit"
"package","npm","@antv/l7-maps","credential_stealer | versions: 2.26.10, 2.27.10","/ti/packages/npm/@antv/l7-maps"
"package","npm","@antv/l7-mini","credential_stealer | versions: 2.21.8, 2.22.8","/ti/packages/npm/@antv/l7-mini"
"package","npm","@antv/l7-pass","credential_stealer | versions: 1.1.0, 1.2.0","/ti/packages/npm/@antv/l7-pass"
"package","npm","@antv/l7plot","credential_stealer | versions: 0.6.11, 0.7.11","/ti/packages/npm/@antv/l7plot"
"package","npm","@antv/l7plot-component","credential_stealer | versions: 0.1.11, 0.2.11","/ti/packages/npm/@antv/l7plot-component"
"package","npm","@antv/l7-react","credential_stealer | versions: 2.5.3, 2.6.3","/ti/packages/npm/@antv/l7-react"
"package","npm","@antv/l7-renderer","credential_stealer | versions: 2.26.10, 2.27.10","/ti/packages/npm/@antv/l7-renderer"
"package","npm","@antv/l7-scene","credential_stealer | versions: 2.26.10, 2.27.10","/ti/packages/npm/@antv/l7-scene"
"package","npm","@antv/l7-source","credential_stealer | versions: 2.26.10, 2.27.10","/ti/packages/npm/@antv/l7-source"
"package","npm","@antv/l7-three","credential_stealer | versions: 2.26.10, 2.27.10","/ti/packages/npm/@antv/l7-three"
"package","npm","@antv/l7-utils","credential_stealer | versions: 2.26.10, 2.27.10","/ti/packages/npm/@antv/l7-utils"
"package","npm","@antv/larkmap","credential_stealer | versions: 1.6.1, 1.7.1","/ti/packages/npm/@antv/larkmap"
"package","npm","@antv/layout-gpu","credential_stealer | versions: 1.2.7, 1.3.7","/ti/packages/npm/@antv/layout-gpu"
"package","npm","@antv/layout-wasm","credential_stealer | versions: 1.5.2, 1.6.2","/ti/packages/npm/@antv/layout-wasm"
"package","npm","@antv/li-aiearth-assets","credential_stealer | versions: 0.5.7, 0.6.7","/ti/packages/npm/@antv/li-aiearth-assets"
"package","npm","@antv/li-analysis-assets","credential_stealer | versions: 1.10.1, 1.11.1","/ti/packages/npm/@antv/li-analysis-assets"
"package","npm","@antv/li-core-assets","credential_stealer | versions: 1.4.7, 1.5.7","/ti/packages/npm/@antv/li-core-assets"
"package","npm","@antv/li-editor","credential_stealer | versions: 1.7.1, 1.8.1","/ti/packages/npm/@antv/li-editor"
"package","npm","@antv/li-p2","credential_stealer | versions: 1.10.2, 1.9.2","/ti/packages/npm/@antv/li-p2"
"package","npm","@antv/li-sam-assets","credential_stealer | versions: 0.2.4, 0.3.4","/ti/packages/npm/@antv/li-sam-assets"
"package","npm","@antv/li-sdk","credential_stealer | versions: 1.6.1, 1.7.1","/ti/packages/npm/@antv/li-sdk"
"package","npm","@antv/lite-insight","credential_stealer | versions: 2.2.1, 2.3.1","/ti/packages/npm/@antv/lite-insight"
"package","npm","@antv/matrix-util","credential_stealer | versions: 3.1.4, 3.2.4","/ti/packages/npm/@antv/matrix-util"
"package","npm","@antv/mcp-server-antv","credential_stealer | versions: 0.2.8, 0.3.8","/ti/packages/npm/@antv/mcp-server-antv"
"package","npm","@antv/mcp-server-chart","credential_stealer | versions: 0.10.10, 0.11.10","/ti/packages/npm/@antv/mcp-server-chart"
"package","npm","@antv/my-f2","credential_stealer | versions: 2.2.7, 2.3.7","/ti/packages/npm/@antv/my-f2"
"package","npm","@antv/my-f2-pc","credential_stealer | versions: 0.2.1, 0.3.1","/ti/packages/npm/@antv/my-f2-pc"
"package","npm","@antv/narrative-text-editor","credential_stealer | versions: 0.3.20, 0.4.20","/ti/packages/npm/@antv/narrative-text-editor"
"package","npm","@antv/narrative-text-schema","credential_stealer | versions: 0.4.7, 0.5.7","/ti/packages/npm/@antv/narrative-text-schema"
"package","npm","@antv/narrative-text-vis","credential_stealer | versions: 0.4.16, 0.5.16","/ti/packages/npm/@antv/narrative-text-vis"
"package","npm","@antv/path-util","credential_stealer | versions: 3.1.1, 3.2.1","/ti/packages/npm/@antv/path-util"
"package","npm","@antv/react-g","credential_stealer | versions: 2.2.1, 2.3.1","/ti/packages/npm/@antv/react-g"
"package","npm","@antv/s2","credential_stealer | versions: 2.8.1, 2.9.1","/ti/packages/npm/@antv/s2"
"package","npm","@antv/s2-react","credential_stealer | versions: 2.4.1, 2.5.1","/ti/packages/npm/@antv/s2-react"
"package","npm","@antv/s2-react-components","credential_stealer | versions: 2.2.2, 2.3.2","/ti/packages/npm/@antv/s2-react-components"
"package","npm","@antv/s2-ssr","credential_stealer | versions: 0.2.1, 0.3.1","/ti/packages/npm/@antv/s2-ssr"
"package","npm","@antv/s2-vue","credential_stealer | versions: 2.3.0, 2.4.0","/ti/packages/npm/@antv/s2-vue"
"package","npm","@antv/sam","credential_stealer | versions: 0.3.0, 0.4.0","/ti/packages/npm/@antv/sam"
"package","npm","@antv/scale","credential_stealer | versions: 0.6.2, 0.7.2","/ti/packages/npm/@antv/scale"
"package","npm","@antv/semantic-release-pnpm","credential_stealer | versions: 1.1.4, 1.2.4","/ti/packages/npm/@antv/semantic-release-pnpm"
"package","npm","@antv/smart-color","credential_stealer | versions: 0.3.1, 0.4.1","/ti/packages/npm/@antv/smart-color"
"package","npm","@antv/stat","credential_stealer | versions: 0.1.2, 0.2.2","/ti/packages/npm/@antv/stat"
"package","npm","@antv/t8","credential_stealer | versions: 0.4.0, 0.5.0","/ti/packages/npm/@antv/t8"
"package","npm","@antv/thumbnails","credential_stealer | versions: 2.1.0, 2.2.0","/ti/packages/npm/@antv/thumbnails"
"package","npm","@antv/thumbnails-component","credential_stealer | versions: 2.1.0, 2.2.0","/ti/packages/npm/@antv/thumbnails-component"
"package","npm","@antv/torch","credential_stealer | versions: 1.1.6, 1.2.6","/ti/packages/npm/@antv/torch"
"package","npm","@antv/translator","credential_stealer | versions: 1.1.1, 1.2.1","/ti/packages/npm/@antv/translator"
"package","npm","@antv/util","credential_stealer | versions: 3.4.11, 3.5.11","/ti/packages/npm/@antv/util"
"package","npm","@antv/vendor","credential_stealer | versions: 1.1.11, 1.2.11","/ti/packages/npm/@antv/vendor"
"package","npm","@antv/vis-predict-engine","credential_stealer | versions: 0.2.1, 0.3.1","/ti/packages/npm/@antv/vis-predict-engine"
"package","npm","@antv/webgpu-graph","credential_stealer | versions: 1.1.0, 1.2.0","/ti/packages/npm/@antv/webgpu-graph"
"package","npm","@antv/word-scale-chart","credential_stealer | versions: 0.4.4, 0.5.4","/ti/packages/npm/@antv/word-scale-chart"
"package","npm","@antv/wx-f2","credential_stealer | versions: 2.2.1, 2.3.1","/ti/packages/npm/@antv/wx-f2"
"package","npm","@antv/x6","credential_stealer | versions: 3.2.7, 3.3.7","/ti/packages/npm/@antv/x6"
"package","npm","@antv/x6-angular-shape","credential_stealer | versions: 3.1.1, 3.2.1","/ti/packages/npm/@antv/x6-angular-shape"
"package","npm","@antv/x6-common","credential_stealer | versions: 2.1.17, 2.2.17","/ti/packages/npm/@antv/x6-common"
"package","npm","@antv/x6-components","credential_stealer | versions: 0.11.7, 0.12.7","/ti/packages/npm/@antv/x6-components"
"package","npm","@antv/x6-geometry","credential_stealer | versions: 2.1.5, 2.2.5","/ti/packages/npm/@antv/x6-geometry"
"package","npm","@antv/x6-plugin-clipboard","credential_stealer | versions: 2.2.6, 2.3.6","/ti/packages/npm/@antv/x6-plugin-clipboard"
"package","npm","@antv/x6-plugin-dnd","credential_stealer | versions: 2.2.1, 2.3.1","/ti/packages/npm/@antv/x6-plugin-dnd"
"package","npm","@antv/x6-plugin-export","credential_stealer | versions: 2.2.6, 2.3.6","/ti/packages/npm/@antv/x6-plugin-export"
"package","npm","@antv/x6-plugin-history","credential_stealer | versions: 2.3.4, 2.4.4","/ti/packages/npm/@antv/x6-plugin-history"
"package","npm","@antv/x6-plugin-keyboard","credential_stealer | versions: 2.3.3, 2.4.3","/ti/packages/npm/@antv/x6-plugin-keyboard"
"package","npm","@antv/x6-plugin-minimap","credential_stealer | versions: 2.1.7, 2.2.7","/ti/packages/npm/@antv/x6-plugin-minimap"
"package","npm","@antv/x6-plugin-scroller","credential_stealer | versions: 2.1.10, 2.2.10","/ti/packages/npm/@antv/x6-plugin-scroller"
"package","npm","@antv/x6-plugin-selection","credential_stealer | versions: 2.3.2, 2.4.2","/ti/packages/npm/@antv/x6-plugin-selection"
"package","npm","@antv/x6-plugin-snapline","credential_stealer | versions: 2.2.7, 2.3.7","/ti/packages/npm/@antv/x6-plugin-snapline"
"package","npm","@antv/x6-plugin-stencil","credential_stealer | versions: 2.2.5, 2.3.5","/ti/packages/npm/@antv/x6-plugin-stencil"
"package","npm","@antv/x6-plugin-transform","credential_stealer | versions: 2.2.8, 2.3.8","/ti/packages/npm/@antv/x6-plugin-transform"
"package","npm","@antv/x6-react","credential_stealer | versions: 0.2.26, 0.3.26","/ti/packages/npm/@antv/x6-react"
"package","npm","@antv/x6-react-components","credential_stealer | versions: 2.1.9, 2.2.9","/ti/packages/npm/@antv/x6-react-components"
"package","npm","@antv/x6-react-shape","credential_stealer | versions: 3.1.1, 3.2.1","/ti/packages/npm/@antv/x6-react-shape"
"package","npm","@antv/x6-vector","credential_stealer | versions: 1.5.2, 1.6.2","/ti/packages/npm/@antv/x6-vector"
"package","npm","@antv/x6-vue3-shape","credential_stealer | versions: 1.1.0, 1.2.0","/ti/packages/npm/@antv/x6-vue3-shape"
"package","npm","@antv/x6-vue-shape","credential_stealer | versions: 3.1.2, 3.2.2","/ti/packages/npm/@antv/x6-vue-shape"
"package","npm","@antv/xflow","credential_stealer | versions: 2.2.13, 2.3.13","/ti/packages/npm/@antv/xflow"
"package","npm","@antv/xflow-core","credential_stealer | versions: 1.1.55, 1.2.55","/ti/packages/npm/@antv/xflow-core"
"package","npm","@antv/xflow-diff","credential_stealer | versions: 1.1.0, 1.2.0","/ti/packages/npm/@antv/xflow-diff"
"package","npm","@antv/xflow-extension","credential_stealer | versions: 1.1.55, 1.2.55","/ti/packages/npm/@antv/xflow-extension"
"package","npm","@antv/xflow-hook","credential_stealer | versions: 1.1.55, 1.2.55","/ti/packages/npm/@antv/xflow-hook"
"package","npm","ast-plugin","other | versions: 0.1.7, 0.2.7","/ti/packages/npm/ast-plugin"
"package","npm","babel-plugin-version","other | versions: 0.3.3, 0.4.3","/ti/packages/npm/babel-plugin-version"
"package","npm","boring-avatars-vanilla","other | versions: 1.1.2, 1.2.2","/ti/packages/npm/boring-avatars-vanilla"
"package","npm","byte-parser","other | versions: 1.1.0, 1.2.0","/ti/packages/npm/byte-parser"
"package","npm","canvas-nest.js","other | versions: 2.1.4, 2.2.4","/ti/packages/npm/canvas-nest.js"
"package","npm","echarts-for-react","other | versions: 3.0.7, 3.1.7, 3.2.7","/ti/packages/npm/echarts-for-react"
"package","npm","filesize.js","other | versions: 2.1.0, 2.2.0","/ti/packages/npm/filesize.js"
"package","npm","fixed-round","other | versions: 1.1.2, 1.2.2","/ti/packages/npm/fixed-round"
"package","npm","gantt-for-react","other | versions: 0.3.0, 0.4.0","/ti/packages/npm/gantt-for-react"
"package","npm","jest-canvas-mock","other | versions: 2.5.3, 2.6.3, 2.7.3","/ti/packages/npm/jest-canvas-mock"
"package","npm","jest-date-mock","other | versions: 1.0.11, 1.1.11, 1.2.11","/ti/packages/npm/jest-date-mock"
"package","npm","jest-electron","other | versions: 0.2.12, 0.3.12","/ti/packages/npm/jest-electron"
"package","npm","jest-expect","other | versions: 0.1.1, 0.2.1","/ti/packages/npm/jest-expect"
"package","npm","jest-less-loader","other | versions: 0.3.0, 0.4.0","/ti/packages/npm/jest-less-loader"
"package","npm","jest-random-mock","other | versions: 1.1.0, 1.2.0","/ti/packages/npm/jest-random-mock"
"package","npm","jest-url-loader","other | versions: 0.2.0, 0.3.0","/ti/packages/npm/jest-url-loader"
"package","npm","limit-size","other | versions: 0.2.4, 0.3.4","/ti/packages/npm/limit-size"
"package","npm","lint-md","other | versions: 0.3.0, 0.4.0","/ti/packages/npm/lint-md"
"package","npm","lint-md-cli","other | versions: 0.2.2, 0.3.2","/ti/packages/npm/lint-md-cli"
"package","npm","@lint-md/cli","other | versions: 2.1.0, 2.2.0","/ti/packages/npm/@lint-md/cli"
"package","npm","@lint-md/core","other | versions: 2.1.0, 2.2.0","/ti/packages/npm/@lint-md/core"
"package","npm","@lint-md/parser","other | versions: 0.1.14, 0.2.14","/ti/packages/npm/@lint-md/parser"
"package","npm","mcp-echarts","other | versions: 0.8.1, 0.9.1","/ti/packages/npm/mcp-echarts"
"package","npm","mcp-mermaid","other | versions: 0.5.1, 0.6.1","/ti/packages/npm/mcp-mermaid"
"package","npm","miz","other | versions: 1.1.1, 1.2.1","/ti/packages/npm/miz"
"package","npm","onfire.js","other | versions: 2.1.1, 2.2.1","/ti/packages/npm/onfire.js"
"package","npm","react-adsense","other | versions: 0.2.0, 0.3.0","/ti/packages/npm/react-adsense"
"package","npm","relationship.js","other | versions: 1.3.9, 1.4.9","/ti/packages/npm/relationship.js"
"package","npm","ribbon.js","other | versions: 1.1.2","/ti/packages/npm/ribbon.js"
"package","npm","size-sensor","other | versions: 1.0.4, 1.1.4, 1.2.4","/ti/packages/npm/size-sensor"
"package","npm","slice.js","other | versions: 1.2.1, 1.3.1","/ti/packages/npm/slice.js"
"package","npm","timeago.js","other | versions: 4.1.2, 4.2.2","/ti/packages/npm/timeago.js"
"package","npm","timeago-react","other | versions: 3.1.7, 3.2.7","/ti/packages/npm/timeago-react"
"package","npm","uri-parse","other | versions: 1.1.0, 1.2.0","/ti/packages/npm/uri-parse"
"package","npm","word-width","other | versions: 1.1.1, 1.2.1","/ti/packages/npm/word-width"
"package","npm","xmorse","other | versions: 1.1.0, 1.2.0","/ti/packages/npm/xmorse"
"package","pypi","durabletask","credential_stealer; data_exfiltration; worm | versions: 0.1.0","/ti/packages/pypi/durabletask"
"package","npm","keyv","credential_stealer; worm; persistence | versions: 6.0.0","/ti/packages/npm/keyv"
"package","npm","file-entry-cache","credential_stealer; worm; persistence | versions: 11.1.6","/ti/packages/npm/file-entry-cache"
"package","npm","flat-cache","credential_stealer; worm; persistence | versions: 6.1.24","/ti/packages/npm/flat-cache"
"package","npm","cacheable-request","credential_stealer; worm; persistence | versions: 13.0.20","/ti/packages/npm/cacheable-request"
"package","npm","cacheable","credential_stealer; worm; persistence | versions: 2.5.1","/ti/packages/npm/cacheable"
"package","npm","cache-manager","credential_stealer; worm; persistence | versions: 7.2.10","/ti/packages/npm/cache-manager"
"package","npm","ecto","credential_stealer; worm; persistence | versions: 5.0.1","/ti/packages/npm/ecto"
"package","npm","@cacheable/utils","credential_stealer; worm; persistence | versions: 2.5.1","/ti/packages/npm/@cacheable/utils"
"package","npm","@cacheable/memory","credential_stealer; worm; persistence | versions: 2.2.1","/ti/packages/npm/@cacheable/memory"
"package","npm","@cacheable/node-cache","credential_stealer; worm; persistence | versions: 3.1.2","/ti/packages/npm/@cacheable/node-cache"
"package","npm","@cacheable/net","credential_stealer; worm; persistence | versions: 2.1.1","/ti/packages/npm/@cacheable/net"
"package","npm","@arv-bedrock/auth","credential_stealer; worm; persistence | versions: 1.1.7, 1.1.8","/ti/packages/npm/@arv-bedrock/auth"
"package","npm","@arv-bedrock/auth-sso","credential_stealer; worm; persistence | versions: 1.6.2","/ti/packages/npm/@arv-bedrock/auth-sso"
"package","npm","@arv-bedrock/auth-sso-backend","credential_stealer; worm; persistence | versions: 1.7.2","/ti/packages/npm/@arv-bedrock/auth-sso-backend"
"package","npm","@arv-bedrock/logger","credential_stealer; worm; persistence | versions: 1.7.2","/ti/packages/npm/@arv-bedrock/logger"
"package","npm","@arv-bedrock/auth-admin","credential_stealer; worm; persistence | versions: 1.0.3","/ti/packages/npm/@arv-bedrock/auth-admin"
"package","npm","@deliveroo/determinator","credential_stealer; worm; persistence | versions: 0.2.1","/ti/packages/npm/@deliveroo/determinator"
"package","npm","@or-sdk/auth","credential_stealer; worm; persistence | versions: 0.38.1, 0.38.2","/ti/packages/npm/@or-sdk/auth"
"package","npm","@qlik/sdk","credential_stealer; worm; persistence | versions: 0.28.1","/ti/packages/npm/@qlik/sdk"
"package","npm","@nebula.js/stardust","credential_stealer; worm; persistence | versions: 7.1.2","/ti/packages/npm/@nebula.js/stardust"
"package","npm","@servicetitan/react-ioc","credential_stealer; worm; persistence | versions: 38.1.4","/ti/packages/npm/@servicetitan/react-ioc"
"indicator","sha1","0a3dd44d361c34cd9036eeb3f49601160a636648","SHA-1/commit-like hash from blog post","/ti/ioc/sha1/0a3dd44d361c34cd9036eeb3f49601160a636648"
"indicator","domain","git-tanstack.com","Network indicator from blog post","/ti/ioc/domain/git-tanstack.com"
"indicator","domain","filev2.getsession.org","Network indicator from blog post","/ti/ioc/domain/filev2.getsession.org"
"indicator","domain","169.254.169.254","Network indicator from blog post","/ti/ioc/domain/169.254.169.254"
"indicator","ipv4","169.254.169.254","AWS IMDS endpoint queried for cloud credentials","/ti/ioc/ipv4/169.254.169.254"
"indicator","sha256","ce7e4199506959fd7a71b64209b2c07b9c82e53a946aa7d78298dc9249230d01","SHA-256 hash from blog post","/ti/ioc/sha256/ce7e4199506959fd7a71b64209b2c07b9c82e53a946aa7d78298dc9249230d01"
"indicator","sha1","79ac49eedf774dd4b0cfa308722bc463cfe5885c","SHA-1/commit-like hash from blog post","/ti/ioc/sha1/79ac49eedf774dd4b0cfa308722bc463cfe5885c"
"indicator","ipv4","1.1.1.1","IP address indicator from blog post","/ti/ioc/ipv4/1.1.1.1"
"indicator","ipv4","8.8.8.8","IP address indicator from blog post","/ti/ioc/ipv4/8.8.8.8"
"indicator","sha256","449e4265979b5fdb2d3446c021af437e815debd66de7da2fe54f1ad93cbcc75e","SHA-256 hash from blog post","/ti/ioc/sha256/449e4265979b5fdb2d3446c021af437e815debd66de7da2fe54f1ad93cbcc75e"
"indicator","sha256","c2f4dc64aec4631540a568e88932b61daebbfb7e8281b812fa01b7215f9be9ea","SHA-256 hash from blog post","/ti/ioc/sha256/c2f4dc64aec4631540a568e88932b61daebbfb7e8281b812fa01b7215f9be9ea"
"indicator","sha256","78a82d93b4f580835f5823b85a3d9ee1f03a15ee6f0e01b4eac86252a7002981","SHA-256 hash from blog post","/ti/ioc/sha256/78a82d93b4f580835f5823b85a3d9ee1f03a15ee6f0e01b4eac86252a7002981"
"indicator","sha256","3427a90c8cb9af764445448648176e120ebc6af0a538158340cf6220de4d01b7","SHA-256 hash from blog post","/ti/ioc/sha256/3427a90c8cb9af764445448648176e120ebc6af0a538158340cf6220de4d01b7"
"indicator","sha256","fdba4191831a13debf9d8c0c940b0301c7b7f01d27f1b1c73ed3ceaa2db4103b","SHA-256 hash from blog post","/ti/ioc/sha256/fdba4191831a13debf9d8c0c940b0301c7b7f01d27f1b1c73ed3ceaa2db4103b"
"indicator","domain","t.m-kosche.com","Network indicator from blog post","/ti/ioc/domain/t.m-kosche.com"
"indicator","ipv4","169.254.170.2","AWS ECS task metadata endpoint queried for credentials","/ti/ioc/ipv4/169.254.170.2"
"indicator","sha256","a68dd1e6a6e35ec3771e1f94fe796f55dfe65a2b94560516ff4ac189390dfa1c","SHA-256 hash from blog post","/ti/ioc/sha256/a68dd1e6a6e35ec3771e1f94fe796f55dfe65a2b94560516ff4ac189390dfa1c"
"indicator","sha1","1916faa365f2788b6e193514872d51a242876569","SHA-1/commit-like hash from blog post","/ti/ioc/sha1/1916faa365f2788b6e193514872d51a242876569"
"indicator","sha1","7cb42f57561c321ecb09b4552802ae0ac55b3a7a","SHA-1/commit-like hash from blog post","/ti/ioc/sha1/7cb42f57561c321ecb09b4552802ae0ac55b3a7a"
"indicator","sha1","dc3d62a2181beb9f326952a2d212900c94f2e13d","SHA-1/commit-like hash from blog post","/ti/ioc/sha1/dc3d62a2181beb9f326952a2d212900c94f2e13d"
"indicator","sha1","de0fac2e4500dabe0009e67214ff5f5447ce83dd","SHA-1/commit-like hash from blog post","/ti/ioc/sha1/de0fac2e4500dabe0009e67214ff5f5447ce83dd"
"indicator","sha1","bbbca2ddaa5d8feaa63e36b76fdaad77386f024f","SHA-1/commit-like hash from blog post","/ti/ioc/sha1/bbbca2ddaa5d8feaa63e36b76fdaad77386f024f"
"indicator","domain","check.git-service.com","Network indicator from blog post","/ti/ioc/domain/check.git-service.com"
"indicator","domain","www.youtube.com","Network indicator from blog post","/ti/ioc/domain/www.youtube.com"
"indicator","ipv4","160.119.64.3","IP address indicator from blog post","/ti/ioc/ipv4/160.119.64.3"
"indicator","ipv4","185.95.159.32","IP address indicator from blog post","/ti/ioc/ipv4/185.95.159.32"
"indicator","sha256","3de04fe2a76262743ed089efa7115f4508619838e77d60b9a1aab8b20d2cc8bf","SHA-256 hash from blog post","/ti/ioc/sha256/3de04fe2a76262743ed089efa7115f4508619838e77d60b9a1aab8b20d2cc8bf"
"indicator","sha256","85f54c089d78ebfb101454ec934c767065a342a43c9ee1beac8430cdd3b2086f","SHA-256 hash from blog post","/ti/ioc/sha256/85f54c089d78ebfb101454ec934c767065a342a43c9ee1beac8430cdd3b2086f"
"indicator","sha256","c0b094e46842260936d4b97ce63e4539b99a3eae48b736798c700217c52569dc","SHA-256 hash from blog post","/ti/ioc/sha256/c0b094e46842260936d4b97ce63e4539b99a3eae48b736798c700217c52569dc"
"indicator","sha256","069ac1dc7f7649b76bc72a11ac700f373804bfd81dab7e561157b703999f44ce","SHA-256 hash from blog post","/ti/ioc/sha256/069ac1dc7f7649b76bc72a11ac700f373804bfd81dab7e561157b703999f44ce"
"indicator","sha256","54dc7ea54a1317cca0e890a2770630cf7fa6c97813e0cb9d2caa93012b350668","setup.mjs Variant A (29,918 bytes, jaredwray npm tarballs only)","/ti/ioc/sha256/54dc7ea54a1317cca0e890a2770630cf7fa6c97813e0cb9d2caa93012b350668"
"indicator","sha256","9fc2570b7cef51c1b8df116d144d11ff4096357be7d2c4c6367cfc2509cf1bcc","Math_Symbol.js / math_init.js stage-two payload (727,680 bytes, byte-identical across both variants)","/ti/ioc/sha256/9fc2570b7cef51c1b8df116d144d11ff4096357be7d2c4c6367cfc2509cf1bcc"
"indicator","wallet","0xE1f2395ee43e45A1556EC6438a88c31B83493103","Ethereum mainnet smart contract storing C2 domain configuration (EtherHiding). 5,196 bytes deployed code. Function selector 0x53ed5143 for domain retrieval. Owner wallet: 0x55f9780e1492344b7417fa723aedc4d0b97f31cd.","/ti/ioc/wallet/0xE1f2395ee43e45A1556EC6438a88c31B83493103"
"indicator","domain","npm-cache.com","Active C2 domain retrieved from Ethereum smart contract state (slot at keccak256(1)). Impersonates npm cache infrastructure. Used for encrypted exfiltration via DomainSender (RSA-OAEP + AES-GCM).","/ti/ioc/domain/npm-cache.com"
"indicator","domain","js-mirror.com","Previously active C2 domain (external reporting). Impersonates JavaScript CDN mirror. Rotated out via on-chain contract update.","/ti/ioc/domain/js-mirror.com"
"indicator","domain","pypi-get.com","Previously active C2 domain (external reporting). Impersonates PyPI package mirror. Rotated out via on-chain contract update.","/ti/ioc/domain/pypi-get.com"
"ttp","T1195.001","Compromise Software Dependencies and Development Tools","","/ti/ttps/T1195.001"
"ttp","T1059.007","Command and Scripting Interpreter: JavaScript","","/ti/ttps/T1059.007"
"ttp","T1552.001","Unsecured Credentials: Credentials In Files","","/ti/ttps/T1552.001"
"ttp","T1041","Exfiltration Over C2 Channel","","/ti/ttps/T1041"
"ttp","T1528","Steal Application Access Token","","/ti/ttps/T1528"
"ttp","T1105","Ingress Tool Transfer","","/ti/ttps/T1105"
"ttp","T1071.001","Application Layer Protocol: Web Protocols","","/ti/ttps/T1071.001"
"ttp","T1102","Web Service","","/ti/ttps/T1102"
"ttp","T1021","Remote Services","","/ti/ttps/T1021"
"ttp","T1098","Account Manipulation","","/ti/ttps/T1098"
"ttp","T1539","Steal Web Session Cookie","","/ti/ttps/T1539"
"ttp","T1059.006","Command and Scripting Interpreter: Python","","/ti/ttps/T1059.006"
"ttp","T1071.004","Application Layer Protocol: DNS","","/ti/ttps/T1071.004"
"ttp","T1546","Event Triggered Execution","","/ti/ttps/T1546"
"ttp","T1027","Obfuscated Files or Information","","/ti/ttps/T1027"
"ttp","","Verified Commit Spoofing","","/ti/ttps/verified-commit-spoofing"
"ttp","","EtherHiding: Blockchain-Based C2 Bootstrapping","","/ti/ttps/etherhiding-blockchain-based-c2-bootstrapping"
"ttp","T1003.007","OS Credential Dumping: Proc Filesystem","","/ti/ttps/T1003.007"
"campaign","variant-of","TeamPCP","","/ti/campaigns/teampcp"
"campaign","variant-of","Miasma: The Spreading Blight","","/ti/campaigns/miasma-the-spreading-blight"